{
  "akiec": {
    "precision": 0.03291139240506329,
    "recall": 0.203125,
    "f1-score": 0.05664488017429194,
    "support": 64.0
  },
  "bcc": {
    "precision": 0.04905660377358491,
    "recall": 0.13131313131313133,
    "f1-score": 0.07142857142857142,
    "support": 99.0
  },
  "bkl": {
    "precision": 0.09287257019438445,
    "recall": 0.2,
    "f1-score": 0.12684365781710916,
    "support": 215.0
  },
  "df": {
    "precision": 0.010471204188481676,
    "recall": 0.08695652173913043,
    "f1-score": 0.018691588785046728,
    "support": 23.0
  },
  "mel": {
    "precision": 0.050955414012738856,
    "recall": 0.035398230088495575,
    "f1-score": 0.04177545691906005,
    "support": 226.0
  },
  "nv": {
    "precision": 0.5877862595419847,
    "recall": 0.11441307578008915,
    "f1-score": 0.19154228855721392,
    "support": 1346.0
  },
  "vasc": {
    "precision": 0.018518518518518517,
    "recall": 0.16666666666666666,
    "f1-score": 0.03333333333333333,
    "support": 30.0
  },
  "accuracy": 0.11882176734897654,
  "macro avg": {
    "precision": 0.12036742323353664,
    "recall": 0.13398180365535903,
    "f1-score": 0.07717996814494665,
    "support": 2003.0
  },
  "weighted avg": {
    "precision": 0.4145797092569059,
    "recall": 0.11882176734897654,
    "f1-score": 0.15309793686322282,
    "support": 2003.0
  }
}